onset	duration	sample	value
-0.0005	5.282	-0.5	boundary
0.9990017338	1	999.0017	eyec
9.001000173	1	9001.0002	eyec
201.6020074	1	201602.0074	eyeo
