onset	duration	sample	value
-0.0005	3.322	-0.5	boundary
0.99899426	1	998.9943	eyec
183.3180013	1	183318.0013	eyeo
