onset	duration	sample	value
-0.0005	1.592	-0.5	boundary
0.9989996202	1	998.9996	eyec
179.1510005	1	179151.0005	eyeo
