onset	duration	sample	value
-0.0005	3.625	-0.5	boundary
0.9990000596	1	999.0001	eyec
187.4629957	1	187462.9957	eyeo
