onset	duration	sample	value
-0.0005	3.415	-0.5	boundary
0.998993152	1	998.9932	eyec
197.2639918	1	197263.9918	eyeo
