onset	duration	sample	value
-0.0005	4.265	-0.5	boundary
0.9989985999	1	998.9986	eyec
206.2549965	1	206254.9965	eyeo
