onset	duration	sample	value
-0.0005	4.685	-0.5	boundary
0.9990023568	1	999.0024	eyec
186.3669971	1	186366.9971	eyeo
