onset	duration	sample	value
-0.0005	5.906	-0.5	boundary
0.9989975445	1	998.9975	eyec
187.5110014	1	187511.0014	eyeo
