onset	duration	sample	value
-0.0005	2.266	-0.5	boundary
0.9989951597	1	998.9952	eyec
180.0700013	1	180070.0013	eyeo
