onset	duration	sample	value
-0.0005	3.836	-0.5	boundary
0.9990027373	1	999.0027	eyec
177.9330058	1	177933.0058	eyeo
