onset	duration	sample	value
-0.0005	3.101	-0.5	boundary
0.9990037065	1	999.0037	eyec
187.5160065	1	187516.0065	eyeo
