onset	duration	sample	value
-0.0005	4.218	-0.5	boundary
0.9989962397	1	998.9962	eyec
192.6259995	1	192625.9995	eyeo
